category,keywords,solution
Login Issues,"login,password,signin","Please reset your password using the 'Forgot Password' option and try again."
Login Issues,"otp,verification code","Please check your registered email or phone for the OTP and ensure network connectivity."
Login Issues,"account locked,blocked","Your account may be temporarily locked. Please wait 15 minutes or reset your password."
Login Issues,"invalid credentials","Ensure your username and password are correct and Caps Lock is off."
Login Issues,"authentication failed","Try clearing browser cache and logging in again."
Login Issues,"login error 500","The server may be temporarily down. Please try again later."
Login Issues,"session expired","Your session timed out. Please log in again."
Login Issues,"activation link expired","Request a new activation link from the login page."
Login Issues,"email not recognized","Please check if you are using the correct registered email."
Login Issues,"captcha not loading","Refresh the page or try a different browser."
Login Issues,"two factor authentication","Ensure correct OTP is entered before it expires."
Login Issues,"google login failed","Reauthorize Google login permissions and try again."
Login Issues,"login loop","Clear cookies and restart your browser."
Login Issues,"account disabled","Contact support to review your account status."
Login Issues,"security alert,suspicious login","Reset your password immediately for security."
Login Issues,"forgot password","Use the password reset link to create a new password."
Login Issues,"username incorrect","Verify the username entered matches your registered account."
Login Issues,"login page freezing","Refresh the page or restart the application."
Login Issues,"token expired","Log out and log in again to generate a new session token."
Login Issues,"multiple login alert","Log out from other devices and try again."
Login Issues,"verification failed","Ensure correct credentials and retry verification."
Login Issues,"signin problem","Try resetting your password and logging in again."
Login Issues,"account restricted","Please contact support for further verification."
Login Issues,"login service unavailable","The service may be under maintenance. Try later."
Login Issues,"security verification","Complete verification steps carefully."
Payment Issues,"payment failed","Verify payment details and ensure sufficient balance."
Payment Issues,"refund not received","Refunds may take 5-7 business days to reflect."
Payment Issues,"transaction declined","Contact your bank for more details."
Payment Issues,"double payment","The extra charge will be refunded automatically."
Payment Issues,"billing error","Please review your billing details and retry."
Payment Issues,"upi failed","Ensure UPI ID is correct and bank servers are active."
Payment Issues,"invoice not generated","Download invoice from billing history section."
Payment Issues,"subscription not activated","Log out and log in to refresh subscription status."
Payment Issues,"discount code invalid","Check if the promo code has expired."
Payment Issues,"wallet payment error","Verify wallet balance before retrying."
Payment Issues,"authorization failed","Contact your bank for authorization issues."
Payment Issues,"gst invoice","You can download GST invoice from billing page."
Payment Issues,"card declined","Check card validity and balance."
Payment Issues,"refund delayed","Refund processing time is up to 7 days."
Payment Issues,"plan purchase failed","Retry purchase after checking payment method."
Payment Issues,"emi option","EMI options depend on bank eligibility."
Payment Issues,"overcharged","The extra amount will be adjusted in next billing."
Payment Issues,"payment timeout","Please retry payment if amount not deducted."
Payment Issues,"bank verification failed","Ensure OTP from bank is entered correctly."
Payment Issues,"auto debit failed","Update payment method for recurring payments."
Payment Issues,"coupon not applied","Check coupon validity and minimum criteria."
Payment Issues,"recurring payment failed","Update your saved card details."
Payment Issues,"billing portal not opening","Clear browser cache and retry."
Technical Error,"app crashing","Restart the app or reinstall the latest version."
Technical Error,"website not loading","Check your internet connection and refresh."
Technical Error,"error 404","The page may have been removed or URL is incorrect."
Technical Error,"server error 500","The server encountered an issue. Try again later."
Technical Error,"slow performance","Clear cache and close background apps."
Technical Error,"file upload failed","Ensure file size and format are supported."
Technical Error,"download not working","Disable popup blockers and retry."
Technical Error,"notification not showing","Check notification permissions in settings."
Technical Error,"data not saving","Refresh and retry saving your data."
Technical Error,"form submission error","Check required fields before submitting."
Technical Error,"api error","The backend service may be temporarily unavailable."
Technical Error,"database error","System database is under maintenance."
Technical Error,"dashboard not loading","Try refreshing the dashboard page."
Technical Error,"ui glitch","Clear cache or switch browser."
Technical Error,"button not clickable","Reload the page and try again."
Technical Error,"network lost","Check internet connection."
Technical Error,"timeout error","Retry after ensuring stable network."
Technical Error,"export failed","Ensure correct file format selected."
Technical Error,"import failed","Check file structure before importing."
Technical Error,"pdf not opening","Ensure PDF reader is installed."
Technical Error,"image not loading","Refresh page or check internet."
Technical Error,"css not applied","Hard refresh browser (Ctrl+Shift+R)."
Technical Error,"javascript error","Enable JavaScript in browser settings."
Technical Error,"storage full","Free up device storage and retry."
Technical Error,"configuration error","Contact system administrator."
Account Issues,"update profile","Go to account settings and update details."
Account Issues,"email update","Verify new email via confirmation link."
Account Issues,"phone update","Enter valid phone number with country code."
Account Issues,"delete account","Submit deletion request from account settings."
Account Issues,"account suspended","Contact support for clarification."
Account Issues,"privacy settings","Review privacy section in settings."
Account Issues,"role not assigned","Contact admin for role assignment."
Account Issues,"permission denied","Ensure you have correct access rights."
Account Issues,"admin access","Only admins can access this section."
Account Issues,"identity verification","Upload valid ID proof for verification."
Account Issues,"kyc pending","Verification may take 24-48 hours."
Account Issues,"document upload","Ensure document format is supported."
Account Issues,"address verification","Upload valid address proof."
Account Issues,"account inactive","Log in to reactivate your account."
Account Issues,"social login","Reconnect social account permissions."
Account Issues,"profile picture","Upload image under size limit."
Account Issues,"language setting","Change language in preferences."
Account Issues,"account locked inactivity","Login to unlock your account."
Account Issues,"data privacy request","Submit data request form from settings."
Account Issues,"account permanently banned","Contact support for appeal process."
General,"hi,hello,hey","Hello! 👋 How can I assist you today?"
General,"good morning","Good morning! ☀️ How can I help you?"
General,"good afternoon","Good afternoon! How can I assist you today?"
General,"good evening","Good evening! How may I help you?"
General,"bye,goodbye","Goodbye! 👋 Have a great day!"
General,"thank you,thanks","You're welcome! 😊 Let me know if you need anything else."
General,"ok,okay","Great! Let me know if you need further assistance."
General,"help","Sure! Please describe your issue and I’ll assist you."
General,"how are you","I'm just a support assistant, but I'm here and ready to help you!"
General,"who are you","I am your AI Support Assistant designed to help resolve issues."
General,"what can you do","I can help you with login, payment, technical, and account issues."
General,"good job","Thank you! 😊 I'm happy to help."
General,"nice","Glad you think so! Let me know if you need more help."
General,"cool","Awesome! What can I help you with next?"
General,"great","Happy to hear that! 😊"
General,"awesome","That's great! Let me know if you need anything else."
General,"hii","Hello! How can I assist you today?"
General,"heyy","Hey there! What can I help you with?"
General,"good night","Good night! 🌙 Feel free to reach out anytime."
General,"see you","See you soon! 👋"
